[
  {
    "id": "fhir.example",
    "type": "ImplementationGuide",
    "url": "http://example.org/ImplementationGuide/fhir.example",
    "version": "0.1.0",
    "name": "pharmaccessanc"
  },
  {
    "id": "pharmaccess-anc-condition",
    "type": "StructureDefinition",
    "url": "http://example.org/StructureDefinition/pharmaccess-anc-condition",
    "version": "0.1.0",
    "name": "PharmaccessAncCondition"
  },
  {
    "id": "pharmaccess-anc-encounter",
    "type": "StructureDefinition",
    "url": "http://example.org/StructureDefinition/pharmaccess-anc-encounter",
    "version": "0.1.0",
    "name": "PharmaccessAncEncounter"
  },
  {
    "id": "pharmaccess-anc-episode-of-care",
    "type": "StructureDefinition",
    "url": "http://example.org/StructureDefinition/pharmaccess-anc-episode-of-care",
    "version": "0.1.0",
    "name": "PharmaccessAncEpisodeOfCare"
  },
  {
    "id": "pharmaccess-anc-patient",
    "type": "StructureDefinition",
    "url": "http://example.org/StructureDefinition/pharmaccess-anc-patient",
    "version": "0.1.0",
    "name": "PharmaccessAncPatient"
  }
]